{
  "project_info": {
    "project_number": "874069115320",
    "firebase_url": "https://milkdiary-farmer.firebaseio.com",
    "project_id": "milkdiary-farmer",
    "storage_bucket": "milkdiary-farmer.appspot.com"
  },
  "client": [
    {
      "client_info": {
        "mobilesdk_app_id": "1:874069115320:android:93322aa5825463e2c54f4d",
        "android_client_info": {
          "package_name": "ultramodern.activity.milkdiary_collector"
        }
      },
      "oauth_client": [
        {
          "client_id": "874069115320-qim7t2m1gg45pdcqv73kcok9fpq9h5u3.apps.googleusercontent.com",
          "client_type": 1,
          "android_info": {
            "package_name": "ultramodern.activity.milkdiary_collector",
            "certificate_hash": "15efd29e7331d8dd6cd1668c285077736fd03979"
          }
        },
        {
          "client_id": "874069115320-pqu8lqfc9k5sm9fl2hc5i2lcboll9vqr.apps.googleusercontent.com",
          "client_type": 3
        }
      ],
      "api_key": [
        {
          "current_key": "AIzaSyBQ1265BoFGFpzRoLtInUNfFpC5OBUXpB4"
        }
      ],
      "services": {
        "appinvite_service": {
          "other_platform_oauth_client": [
            {
              "client_id": "874069115320-pqu8lqfc9k5sm9fl2hc5i2lcboll9vqr.apps.googleusercontent.com",
              "client_type": 3
            }
          ]
        }
      }
    },
    {
      "client_info": {
        "mobilesdk_app_id": "1:874069115320:android:612dc1a4bc63f85ac54f4d",
        "android_client_info": {
          "package_name": "ultramodern.activity.milkdiary_farmer"
        }
      },
      "oauth_client": [
        {
          "client_id": "874069115320-g735duce2de1mts3gu31rgjt5q1pl1u7.apps.googleusercontent.com",
          "client_type": 1,
          "android_info": {
            "package_name": "ultramodern.activity.milkdiary_farmer",
            "certificate_hash": "15efd29e7331d8dd6cd1668c285077736fd03979"
          }
        },
        {
          "client_id": "874069115320-pqu8lqfc9k5sm9fl2hc5i2lcboll9vqr.apps.googleusercontent.com",
          "client_type": 3
        }
      ],
      "api_key": [
        {
          "current_key": "AIzaSyBQ1265BoFGFpzRoLtInUNfFpC5OBUXpB4"
        }
      ],
      "services": {
        "appinvite_service": {
          "other_platform_oauth_client": [
            {
              "client_id": "874069115320-pqu8lqfc9k5sm9fl2hc5i2lcboll9vqr.apps.googleusercontent.com",
              "client_type": 3
            }
          ]
        }
      }
    }
  ],
  "configuration_version": "1"
}